CREATE TABLE IF NOT EXISTS SALESMAN(
    SALESMAN_ID TEXT PRIMARY KEY,
    NAME TEXT,
    CITY TEXT,
    COMISSION TEXT
);

INSERT INTO SALESMAN(SALESMAN_ID,NAME,CITY,COMISSION) VALUES
("5001","James Hoog","New York","0.15"),
("5002","Nail Knite","Paris","0.13"),
("5005","Pit Alex","London","0.11"),
("5006","Mc Lyon","Paris","0.14"),
("5007","Paul Adam","Rome","0.13"),
("5003","Lauson Hen","San Jose","0.12");

CREATE TABLE IF NOT EXISTS CUSTOMER(
    CUSTOMER_ID TEXT,
    CUSTOMER_NAME TEXT PRIMARY KEY,
    CITY TEXT,
    GRADE TEXT,
    SALESMAN_ID TEXT
);

INSERT INTO CUSTOMER(CUSTOMER_ID,CUSTOMER_NAME,CITY,GRADE,SALESMAN_ID) VALUES
("3002","nick rimando","New York","100","5001"),
("3007","brad davis","new york","200","5001"),
("3005","graham zusi","california","200","5002"),
("3008","julian green","london","300","5002"),
("3004","fabian johnson","paris","300","5006"),
("3009","geoff cameron","berlin","100","5003"),
("3003","jozy altidor","moscow","200","5007"),
("3001","brad guzan","london","","5005");

CREATE TABLE IF NOT EXISTS ORDERS(
    ORDER_NUMBER TEXT PRIMARY KEY,
    PURCHASE_AMOUNT TEXT,
    ORDER_DATE TEXT,
    CUSTOMER_ID TEXT,
    SALESMAN_ID TEXT
);

INSERT INTO ORDERS(ORDER_NUMBER,PURCHASE_AMOUNT,ORDER_DATE,CUSTOMER_ID,SALESMAN_ID) VALUES
("70001","150.5","2012-10-05","3005","5002"),
("70009","270.65","2012-09-10","3001","5001"),
("70002","65.26","2012-10-05","3002","5003"),
("70004","110.5","2012-08-17","3009","5007"),
("70007","948.5","2012-09-10","3005","5005"),
("70005","2400.6","2012-07-27","3007","5006");

SELECT CUSTOMER.CUSTOMER_NAME, SALESMAN.NAME, SALESMAN.CITY
FROM CUSTOMER
JOIN SALESMAN WHERE CUSTOMER.SALESMAN_ID=SALESMAN.SALESMAN_ID;

SELECT ORDERS.ORDER_NUMBER, CUSTOMER.CUSTOMER_NAME, ORDERS.CUSTOMER_ID, ORDERS.SALESMAN_ID
FROM ORDERS
JOIN CUSTOMER ON ORDERS.CUSTOMER_ID=CUSTOMER.CUSTOMER_ID
JOIN SALESMAN ON ORDERS.SALESMAN_ID=SALESMAN.SALESMAN_ID
WHERE CUSTOMER.CITY<>SALESMAN.CITY;